text	url
Bored so ranking the AFI picks (what I‚Äôve seen)  1.  Licorice Pizza 2. West Side Story 3. The Tragedy of Macbeth  4. Tick, Tick‚Ä¶Boom! 5. King Richard 6. Coda  7. The Power of the Dog 8. Dune https://t.co/tjTjjutNLA	https://twitter.com/i/web/status/1468759721201082373
Sports movies are not a guilty pleasure. They are my favorite genre. Like I‚Äôm already ten minutes into #KingRichard and I‚Äôm crying.	https://twitter.com/i/web/status/1468759112976588802
Finally watching King Richard	https://twitter.com/i/web/status/1468759073856311300
King Richard. üòçüòçüëåüèæ	https://twitter.com/i/web/status/1468758477619220484
king richard is suchhh a good movie. would recommend, will smith for best actor so true. (just gonna ignore all his weird ass dam drama)	https://twitter.com/i/web/status/1468757976341221458
#AFIAWARDS - American Film Institute‚ÄôTop 10 Films of 2021 Include ‚Äò#Dune ,‚Äô ‚Äò#KingRichard ‚Äô and ‚ÄòThe Power of the Dog‚Äô https://t.co/lxBMIWdp6f	https://twitter.com/i/web/status/1468757369173815299
2022 #Oscars   Lead Actor: Smith - King Richard Andrew Garfield - TTB Dinklage - Cyrano Denzel - Macbeth Tom Holland - NWH press tour  Supporting Actor: Hinds - Belfast Doran - Belfast Kotsur - CODA Isaacs - Mass Andrew Garfield - multiple press tours since September. #NoWayHome https://t.co/5nS3ofwXso	https://twitter.com/i/web/status/1468757339792719872
King Richard (2021) ü§©ü§©ü§© https://t.co/HRvIcijqX2	https://twitter.com/i/web/status/1468757210742284296
Will it‚Äôs usually typecast, but 7 pounds, Pursuit of Happiness, After earth (bad movie), King Richard, Ali, Concussion, Bagger Vance, Enemy of the state all different. He has decent range https://t.co/GVoy1Q5Z74	https://twitter.com/i/web/status/1468755066173730821
Aw, Sarah Schulman loved King Richard! https://t.co/IrGVpOQOc9	https://twitter.com/i/web/status/1468754162041163778
Las 10 mejores pel√≠culas del a√±o de acuerdo al AFI: 01.- CODA 02.- Don't Look Up 03.- Dune 04.- King Richard 05.- Licorice Pizza 06.- Nightmare Alley 07.- The Power of the Dog 08.- The Tragedy of Macbeth 09.- tick, tick... BOOM! 10.- West Side Story https://t.co/VMdbpi2UPz	https://twitter.com/i/web/status/1468753491946618881
King Richard was a good movie üëèüèΩüëèüèΩ	https://twitter.com/i/web/status/1468753214120112128
Highly recommend King Richard‚Ä¶.another Will Smith masterpiece	https://twitter.com/i/web/status/1468752087005769732
I was gonna go watch King Richard solo but my mom said no and invited the whole family to come so now they and the two other people in the theatre will have a first row show to me crying over this masterpiece anywho I am truly excited üòå	https://twitter.com/i/web/status/1468751819304226819
'King Richard,' 'West Side Story,' and 'Dune' just made huge strides in the Oscars race at the AFI Awards.  https://t.co/3rvoQs4qcQ	https://twitter.com/i/web/status/1468751016678014978
King Richard movie‚Ä¶‚Ä¶. Goated	https://twitter.com/i/web/status/1468750484173430787
saw belfast in the theater and king richard on hbo. they‚Äôre good! - i look forward to don‚Äôt look up  but it‚Äôs genuinely tragic to compare the generally didactic feel good that the academy loves to any of the boundary-pushing creativity of the international feature lineup https://t.co/kvmUVRFl8D	https://twitter.com/i/web/status/1468750455828201472
Audience Scores For AFI Best Of 2021  - King Richard 98% - Summer Of Soul 98% - Tick Tick Boom 96% - CODA 93% - Licorice Pizza 92% - Belfast 91% - Dune 90% - Power Of The Dog 64% &lt;- Yikes  - Don't Look Up N/A - Nightmare Alley N/A - Tragedy Of Macbeth N/A - West Side Story N/A	https://twitter.com/i/web/status/1468749971075870725
Wish I could have watched King Richard in the theater. Might of been the best movie all year	https://twitter.com/i/web/status/1468749773255712770
"""Astonishing Historical Fiction""  Not once, but twice in his minority, young King Richard II struggled to save his  crown. His enemies unwittingly laid the foundation for their own destruction in  A KING UNDER SIEGE  by Mercedes Rochelle https://t.co/YvP50Kis9l   @authorRochelle https://t.co/9R0tFpl9Uy"	https://twitter.com/i/web/status/1468749750941982720
King Richard was really good	https://twitter.com/i/web/status/1468749385727197188
King Richard was cute	https://twitter.com/i/web/status/1468749133821452289
As a girl dad... watching King Richard... touches a place...	https://twitter.com/i/web/status/1468747354987716608
Check this King Richard movie out real quick..	https://twitter.com/i/web/status/1468746908546052101
King Richard is a really good watch, definitely an inspiring movie üé• üôåüèæ	https://twitter.com/i/web/status/1468746488780148737
E93-the guys are back with the next contestant to replace Dutch and discuss their Top 10 2013 movies and review #KingRichard #GhostbustersAfterlife and much much more! https://t.co/DGGgHfKEJR	https://twitter.com/i/web/status/1468745693976277000
King Richard on the screen #TonightsEntertainment üç∑üç∑	https://twitter.com/i/web/status/1468744943548121091
AFI top 10 films of 2021 - Coda - Don't Look Up - Dune - King Richard - Licorice Pizza - Nightmare Alley - The Power of the Dog - Tick, Tick... Boom! - The Tragedy of Macbeth - West Side Story https://t.co/nultN8HSVj	https://twitter.com/i/web/status/1468744557298733062
I still got folks trying to argue with me that ‚ÄúKing Richard‚Äù is a sorry movie cause it focused on Richard Williams and Venus &amp; Serena. Lol https://t.co/05goHeTr3T	https://twitter.com/i/web/status/1468744363081621507
Yeah King Richard was üî•üî•üî•üî•	https://twitter.com/i/web/status/1468743187112022024
üîù 1Ô∏è‚É£0Ô∏è‚É£: Musical ‚ÄòWest Side Story,‚Äô sci-fi epic ‚ÄòDune‚Äô and ‚ÄòKing Richard,‚Äô the biopic about the father of tennis champions Serena and Venus Williams, were among the top 10 movies of 2021 as chosen by the American Film Institute https://t.co/MLEkJrHZGk	https://twitter.com/i/web/status/1468742691475312653
I‚Äôve been watching insecure because idk what‚Äôs good &amp; yes I watched king Richard already so what else is good on HBO max üëÄ	https://twitter.com/i/web/status/1468742448968921093
El American Film Institute (#AFI) anunci√≥ su TOP 10 del a√±o:  CODA DON'T LOOK UP! DUNE KING RICHARD LICORICE PIZZA NIGHTMARE ALLEY THE POWER OF THE DOG tick,tick... BOOM! THE TRAGEDY OF MACBETH WEST SIDE STORY  Menci√≥n especial para BELFAST y SUMMER OF SOUL https://t.co/yzWvlEXe2d	https://twitter.com/i/web/status/1468740916001357828
King Richard is a really good movie.	https://twitter.com/i/web/status/1468740669757968385
King Richard was a great movie. üëåüèΩ	https://twitter.com/i/web/status/1468740484508135424
NEW PODCAST: @joshjurnovoy is joined by @6kdollarbrother and Mo Adewunmi to talk ‚ÄúKing Richard‚Äù and whether Will Smith‚Äôs performance was Oscar-worthy. Listen here:   Spotify: https://t.co/3BpW6mz6D0  Apple Podcasts: https://t.co/vgRKroyD7s  SoundCloud: https://t.co/itGnZu4Spz	https://twitter.com/i/web/status/1468740426727362561
AFI Top 10 Films of 2021:   ‚Ä¢CODA ‚Ä¢DON‚ÄôT LOOK UP ‚Ä¢DUNE ‚Ä¢KING RICHARD ‚Ä¢LICORICE PIZZA ‚Ä¢NIGHTMARE ALLEY ‚Ä¢THE POWER OF THE DOG ‚Ä¢tick, tick‚Ä¶ BOOM! ‚Ä¢THE TRAGEDY OF MACBETH ‚Ä¢WEST SIDE STORY  https://t.co/J0ok5AGWC6	https://twitter.com/i/web/status/1468738940173619200
Finally watching King Richard and I‚Äôm already excited	https://twitter.com/i/web/status/1468737129069092867
#nw: king richard https://t.co/dewa5LX00r	https://twitter.com/i/web/status/1468736888630648834
Today on #WhattoWatchWednesday is King Richard üëë A film that is also highly recommended by my dear friend @davekarger. You can find his take on the film on my podcast. It‚Äôs currently on @hbomax. Have you seen it? https://t.co/7QietmqonE https://t.co/vpZ14TW9gg	https://twitter.com/i/web/status/1468736706799185921
King Richard is a good ass movie fr omg	https://twitter.com/i/web/status/1468735079417532416
üèÜ Awards season has arrived. Will Smith is generating buzz for his work as Richard Williams in ‚ÄúKing Richard‚Äù. Andrew Garfield is also turning heads with his performance as Jonathon Larson in ‚Äútick, tick, BOOM!‚Äù. In this new episode, we‚Äôve got reviews‚Ä¶ https://t.co/2tQgFLdLmX	https://twitter.com/i/web/status/1468734774499950594
If you missed it, check out my interview with Will Smith about faith and his new movie #KingRichard  !   https://t.co/2xZDRD8mxj	https://twitter.com/i/web/status/1468733328513638403
King Richard is a really good movie!	https://twitter.com/i/web/status/1468733313590378504
Balling my eyes out watching the end of King Richard. So touching ü•∫	https://twitter.com/i/web/status/1468732484556886018
The Best Movies of 2021: Finding Pleasure in Diverse Films - The Wall Street Journal üôã¬†https://t.co/VLvsmsQO2j ¬†something to give away üéÅ https://t.co/8EeWLGTKE3	https://twitter.com/i/web/status/1468730111247667200
King Richard is long af but I‚Äôm fresh in from a very productive day. I deserve	https://twitter.com/i/web/status/1468729701086777355
My ‚òÖ‚òÖ‚òÖ‚òÖ¬Ω review of King Richard on @letterboxd: https://t.co/HTDNsHAlTE	https://twitter.com/i/web/status/1468729122184646658
My boss said he needs to take my black card because I haven‚Äôt seen King Richard yet. Sir, your wife is yt?? üòí	https://twitter.com/i/web/status/1468728543928471552
I'm at Century Theatre - @cinemark for King Richard in Union City, CA https://t.co/Jb8zVzZXwg	https://twitter.com/i/web/status/1468728295944511490
Watching king Richard I'm half way through and I sooo badly want to get into tennis, like I always did but this makes me want want to üò© But idk where to start üò≠	https://twitter.com/i/web/status/1468728237664743428
I know we tired of #willandjada but I do like watching him on everything else #kingrichard #WelcomeToEarthSeries	https://twitter.com/i/web/status/1468727572041289730
"KING RICHARD non-flight....for stolen 'manufacture'......, wherever he was ('Silent Hill') trapped in Subway system under 'between China &amp; Japan somewhere,(Harlem) .throughout ""fuck you upgrades"" and ""attempts @ befitting through lineal psychotic 'scientific experimentations'-&gt; https://t.co/wyatdhfkIM"	https://twitter.com/i/web/status/1468727548079050752
I finally watched King Richard, and it‚Äôs fantastic. I highly recommend it! Will Smith is incredible in it.	https://twitter.com/i/web/status/1468727285402542086
ASSISTAM ESSE FILME  My ‚òÖ‚òÖ‚òÖ‚òÖ‚òÖ review of King Richard on @letterboxd: https://t.co/wLibNBuyOg	https://twitter.com/i/web/status/1468726625730768901
King Richard was a Good Movie	https://twitter.com/i/web/status/1468726484206604295
Belfast West Side Story Dune Tick Tick Boom CODA Spencer King Richard The Power of the Dog Licorice Pizza Nightmare Alley	https://twitter.com/i/web/status/1468726332502654978
King Richard really a dope movie!	https://twitter.com/i/web/status/1468725066556968963
Aye #KingRichard had a real nigga in tears üò≠ü§£! Gotta up my shit for my lul girl	https://twitter.com/i/web/status/1468724818942046209
Succession, Schmigadoon, King Richard, Dune &amp; More Are 2021 AFI AWARDS Honorees #Succession #schmigadoon #KingRichard #Dune #DontLookUp #WandaVision #TedLasso #WestSideStory #MAIDNetflix #SquidGame https://t.co/mzCbvYlOiK	https://twitter.com/i/web/status/1468724787535040514
We went to see King Richard tonight and it was so inspiring and uplifting - the audience burst into applause at the end! I basically cried my eyes out for 2 hours because sporting achievement does that to me üò≠üò≠üò≠  #KingRichard https://t.co/sMmSakaTc8	https://twitter.com/i/web/status/1468723359655550978
Movies that made both AFI‚Äôs and NBR‚Äôs top 10.  Licorice Pizza (won top prize at NBR) Westside Story Don‚Äôt Look Up The tragedy of Macbeth Dune King Richard Nightmare Alley	https://twitter.com/i/web/status/1468723081510207491
There‚Äôs a showing for ‚ÄòKing Richard‚Äô in about an hour but is it movie theatre worthy or just watch in the crib?	https://twitter.com/i/web/status/1468723000514068481
King Richard is a great movie.	https://twitter.com/i/web/status/1468722937817673731
Pay for our legit services in; #Econometrics #Math #Physics Biology #Essaydue #Paperwrite #Engineering #English #Casestudy #essay #homework #Onlineclass  #Religion #KingRichard #Assignment  #Chemistry #history #WomenWhoCode  #100DaysOfCode @Legitwriters21  #UK #SaudiArabia #UAE https://t.co/lSGnTw10tc	https://twitter.com/i/web/status/1468722707902738433
"#5Stars ""Great Historical Work""  Not once, but twice in his minority, young King Richard II struggled to save his crown. His enemies unwittingly laid the foundation for their own destruction in  A KING UNDER SIEGE  by Mercedes Rochelle https://t.co/bienrM86tq   @authorRochelle https://t.co/Sf0uq4Wf7x"	https://twitter.com/i/web/status/1468719561843396614
King Richard ‚òÖ‚òÖ‚òÖ It's been Will Smith's raison d'√™tre for the last 20 years to win an Academy Award. In 2022, he's finally going to take home an Oscar for his excellent performance as the father of tennis superstars Venus &amp; Serena Williams in #ReinaldoMarcusGreen's bio-drama. https://t.co/akwdXBuNCC	https://twitter.com/i/web/status/1468719469296033793
Pay for our legit services in; #Econometrics #Math #Physics Biology #Essaydue #Paperwrite #Engineering #English #Casestudy #essay #homework #Onlineclass  #Religion #KingRichard #Assignment  #Chemistry #history #WomenWhoCode  #100DaysOfCode @essay_help_pay  #UK #SaudiArabia #UAE	https://twitter.com/i/web/status/1468719258460905476
just realized jon bernthal THE FUCKING PUNISHER plays rick macci in king richard. dude is such a talented actor . no wonder i found him hot	https://twitter.com/i/web/status/1468718698244435968
Watched King Richard today thanks to @Ki_Janay	https://twitter.com/i/web/status/1468718575091339264
Will Smith Admitted One Essential Truth During ‚ÄòKing Richard‚Äô Interview: ‚ÄòGirls Are Really Different Than Boys‚Äô | The Daily Wire https://t.co/zSVIB6bBKU	https://twitter.com/i/web/status/1468718097762766853
White people are genuinely stupid yunno. The movie is called KING RICHARD, of course it's about her insufferable dad. Idiot. https://t.co/GamIZUZYFW	https://twitter.com/i/web/status/1468715176962654210
God Bless the King Richard Tavern https://t.co/sZIDv5jyTt	https://twitter.com/i/web/status/1468715023245713412
2021 AFI Movies of the Year #AFI #AmericanFilm #AmericanFilmInstitute #AFIAWARDS #2021MovieAwards #CODA #DontLookUp #Dune #KingRichard #LicoricePizza #NightmareAlley #ThePoweroftheDog #ticktickBOOM #TheTragedyofMacbeth #WestSideStory https://t.co/gYgRBevm0t	https://twitter.com/i/web/status/1468714915695321091
Need to watch the King Richard movie later	https://twitter.com/i/web/status/1468714015937417218
üëèüèªüëèüèªüëèüèªüëèüèªüëèüèª African American Film Critics Top 10 Films Led By ‚ÄòThe Harder They Fall‚Äô, ‚ÄòRespect‚Äô, ‚ÄòKing Richard‚Äô https://t.co/jv87k8deEH via @Deadline	https://twitter.com/i/web/status/1468713336707637252
"Hey Friends!  Tonight in my Discord I'm having a showing of the film I worked on last year, ""King Richard.""  Maybe a little behind the scenes commentary.  5pm Pacific showtime!  Bring your own popcorn!  üçøüìΩÔ∏èüéûÔ∏è https://t.co/xzfxwLT59d"	https://twitter.com/i/web/status/1468712142303944709
Damn, them girls are good! Gotta love a sports biopic. #KingRichard is awesome.	https://twitter.com/i/web/status/1468712119243792387
The American Film Institute has crowned #KingRichard one of the top 10 films of the year. Congratulations to our cast and crew family! #AFIAWARDS #FYC https://t.co/pQyXK4ohEo	https://twitter.com/i/web/status/1468711549455908865
Absolutely blown away by @KingRichardFilm. So inspirational and moving. The entire cast are sensational and surely @willsmith will take home the Oscar for Best Actor! Hugely deserved #KingRichard	https://twitter.com/i/web/status/1468711103370874883
Jon was tremendous in King Richard https://t.co/Z71d2SJFt6	https://twitter.com/i/web/status/1468710840027258882
AFI‚Äôs Top Films of 2021   CODA  Don‚Äôt Look Up Dune King Richard Licorice Pizza Nightmare Alley The Power of the Dog Tick, Tick‚Ä¶ Boom! The Tragedy of Macbeth West Side Story https://t.co/y5AqHSORmE	https://twitter.com/i/web/status/1468710195673055232
Peli #4 del Award Season   King Richard en TV Time https://t.co/H11C7mGg5T https://t.co/S1gra8JTEp	https://twitter.com/i/web/status/1468709675784982533
The American Film Institute released its annual top 10 films list and 2021's version includes Dune, West Side Story, King Richard, and more.  https://t.co/cn46pwXX4k https://t.co/NqLEXJyyad	https://twitter.com/i/web/status/1468709646559064067
How do you follow Will Smith in the snow?  You follow the fresh prints. #JokeoftheDay #Willsmith #KingRichard #Iwillseemyselfout #FollowMe https://t.co/zJ8jl9ZwoK	https://twitter.com/i/web/status/1468709516346863624
King Richard is such a beautiful movie. Makes me just want to marry right because this fatherhood no be joke o	https://twitter.com/i/web/status/1468709018554314753
Somebody go watch king richard with me.	https://twitter.com/i/web/status/1468708973951995911
loved seeing this recreated in #KingRichard https://t.co/Sx6LmEL2l5	https://twitter.com/i/web/status/1468707975783141386
king richard was right, that open stance really works üòÇ	https://twitter.com/i/web/status/1468707406632787971
"""King Richard"" is an excellent movie. Will Smith, Aunjanue Ellis, and the actors who play Venus, Serena, and their sisters knocked it out of the park. A metaphor from the wrong sport, I know, but still true."	https://twitter.com/i/web/status/1468706567407210499
#KingRichard(G) has been crowned Certified Fresh by Rotten Tomatoes. Experience the hype and inspiration! üëë Get your tickets now: https://t.co/FnkMaru4Hn https://t.co/pi2nVfL91d	https://twitter.com/i/web/status/1468705587391340544
Finna see what King Richard about	https://twitter.com/i/web/status/1468703968670932992
We're back this week with a review of the new Will Smith tennis flick, #KingRichard!  https://t.co/c4D35zo0pT https://t.co/PunQJUdzUH	https://twitter.com/i/web/status/1468703003393859585
#KingRichard was actually pretty decent of a flick.. but will smith aint winning an oscar. Sorry #AcademyAwards	https://twitter.com/i/web/status/1468702952516833283
I'm going to tell people this list has 4 Shakespeare movies on it. Macbeth, Richard III (King Richard), Romeo and Juliet (West Side) and Two Gentlemen of Verona (Power of the Dog). Unless tick tick BOOM can be a stand in for Henry VIII? :) https://t.co/7lS6rIG8XO	https://twitter.com/i/web/status/1468700643678375938
Don't matter the platform, will always shout out the people who gave me a chance!   Love my @theaafca people and love me some @gilrobertson   https://t.co/SJ2M6WprUd	https://twitter.com/i/web/status/1468700372202135552
The #AAFCA‚Äôs Top 10 Films of the Year:  1. The Harder They Fall 2. King Richard 3. Respect¬† 4. The Tragedy of Macbeth¬† 5. Passing¬† 6. Belfast¬† 7. Who We Are: A Chronicle of Racism in America¬† 8. House of Gucci ‚ô•Ô∏è‚ô•Ô∏è‚ô•Ô∏è 9. The Power of the Dog 10. West Side Story	https://twitter.com/i/web/status/1468699989001916417
Me watching King Richard, knowing damn well that this is about Serena Williams and Venus Williams, yet still being shocked and prideful at the end. Like wow they really did everything they said they would do. https://t.co/912948f8xt	https://twitter.com/i/web/status/1468698851158671370
How we speak about and depict black men on screen and on social media matters.   Catch the full #WatchGodWork episode ‚ÄúKing Richard &amp; Redeeming the Image of Black Fathers‚Äù here: https://t.co/hq9pbXbSf5 https://t.co/gF97fMGIDf	https://twitter.com/i/web/status/1468698409456607235
Congrats to @AFI's top films of 2021, especially KING RICHARD, a 2018 Black List script by Zach Baylin!  CODA  DON'T LOOK UP DUNE KING RICHARD LICORICE PIZZA NIGHTMARE ALLEY THE POWER OF THE DOG TICK, TICK... BOOM! THE TRAGEDY OF MACBETH WEST SIDE STORY https://t.co/69vgQwtOSp	https://twitter.com/i/web/status/1468698182272094225
Just finished watching #kingrichard and two scriptures came to mind  1. Habakkuk 2:2-3  2. Mark 11:23  GOD you are FAITHFUL! Wow!üôèüèæ‚ù§Ô∏è	https://twitter.com/i/web/status/1468696714936737798
Today I got that kid-on-xmas-day feeling. Like, it's a holiday and we sitting in this feeling ALL DAY.   Except it's just a Wednesday (my day off) and I finished KING RICHARD and now headin' over to SWAGGER to catch up. ‚ù§üñ§üíö	https://twitter.com/i/web/status/1468696123489542158
Have heard be alive by Beyonc√© about a hundred times?     Still got so many chills hearing it at the end of king Richard. How beautiful.	https://twitter.com/i/web/status/1468695503139270660
This man, he is an actor in his own league #WillSmith #KingRichard	https://twitter.com/i/web/status/1468695247484076044
Just watched #KingRichard  I‚Äôm all tore up with happy tears.	https://twitter.com/i/web/status/1468695063433822212
"Musical ""West Side Story,"" sci-fi epic ""Dune,"" and ""King Richard,"" the biopic about the father of tennis champions Serena and Venus Williams, were among the top 10 movies of 2021 as chosen on Wednesday by the American Film Institute... https://t.co/kGJREmQy4L"	https://twitter.com/i/web/status/1468694381377073161
#Duna, foi selecionado como um dos 10 melhores filmes do ano pelo @AmericanFilm  #Dune #DuneMovie #AFIAwards üî∏Duna üîπCoda üîπDon‚Äôt Look Up üîπKing Richard üîπLicorice Pizza üîπNightmare Alley üîπThe Power of the Dog üîπtick, tick‚Ä¶ BOOM! üîπThe Tragedy of Macbeth üîπWest Side Story https://t.co/cxK7g3dxgL	https://twitter.com/i/web/status/1468694376062795776
feeling kinda down rn https://t.co/CTXoaDD99d	https://twitter.com/i/web/status/1468694284148768768
I totally agree!!! You hear abt them both but mostly Serena and Hunny her sister did what needed to be done first üëèüèΩ #KingRichard https://t.co/QtlHfZndlK	https://twitter.com/i/web/status/1468692769535311882
Wait a minute... I love #TennisFilms! üéæ I have seen these four and I liked them a lot! They're TERRIFIC! ‚Ä¢‚Ä¢‚Ä¢‚Ä¢‚Ä¢‚Ä¢‚Ä¢‚Ä¢‚Ä¢‚Ä¢‚Ä¢‚Ä¢‚Ä¢‚Ä¢‚Ä¢‚Ä¢‚Ä¢‚Ä¢‚Ä¢‚Ä¢‚Ä¢‚Ä¢‚Ä¢‚Ä¢‚Ä¢‚Ä¢‚Ä¢‚Ä¢‚Ä¢‚Ä¢‚Ä¢‚Ä¢‚Ä¢‚Ä¢‚Ä¢‚Ä¢ #Wimbledon | #BorgVsMcEnroe | #BattleOfTheSexes | #KingRichard | #Tennis https://t.co/HpXyfHMmDU	https://twitter.com/i/web/status/1468692351791030279
#KingRichard was really good!! I‚Äôm ready for it to warm up so I can go play some tennis üò≠	https://twitter.com/i/web/status/1468692050107416578
Ima watch this King Richard movie 1 of these days. I just don‚Äôt know when	https://twitter.com/i/web/status/1468690932690206734
King Richard II can destroy the Lords Appellant, but can't protect himself against future threats. Read the first two books of THE PLANTAGENET LEGACY: https://t.co/cpx0C8fH4p / #histfic https://t.co/CTyG4vAbwy	https://twitter.com/i/web/status/1468690360402690052
Congratulations to #ChiFilmFest sections DUNE, KING RICHARD, and THE POWER OF THE DOG! https://t.co/Kfgdf2pjon	https://twitter.com/i/web/status/1468689702349905924
On this episode of The Levels Podcast @AlexTheHost and the Levels Crew #discuss and #review @MarvelStudios @disneyplus series #Hawkeye and they #review #KingRichard! https://t.co/rdlqUhSW9x	https://twitter.com/i/web/status/1468689458501464067
‚ÄúThe most strongest, the most powerful, the most dangerous creature on this whole earth is: a (woman) who knows how to think. Ain‚Äôt nothing she can‚Äôt do‚Äù üßèüèª‚Äç‚ôÄÔ∏è  #KingRichard https://t.co/uQVHVHijjW	https://twitter.com/i/web/status/1468689370274222088
2019 B.R.A.G. Medallion Honoree Not once, but twice in his minority, young King Richard II struggled to save his crown. His enemies unwittingly laid the foundation for their own destruction in  A KING UNDER SIEGE by Mercedes Rochelle https://t.co/6E4Kv18raT #KU @authorRochelle https://t.co/ZD5eJhjyah	https://twitter.com/i/web/status/1468689350808453125
Venus and Serena, as producers, know exactly what they want to say with KING RICHARD. The stories they choose to tell. How they're told. Those they choose to leave out. We, outsiders, can't even comprehend what it must've been like. I'm so very thankful for this story.	https://twitter.com/i/web/status/1468688733520252932
King Richard was a good movie.	https://twitter.com/i/web/status/1468688502317588486
Just saw #TickTickBoom and it totally deserves to be on the #AFI Top 10 list for 2021. CODA  Don‚Äôt Look Up Dune King Richard Licorice Pizza Nightmare Alley The Power of the Dog Tick, Tick‚Ä¶ Boom! The Tragedy of Macbeth West Side Story	https://twitter.com/i/web/status/1468688476476424193
The #AmericanFilmInstitute (#AFI) has announced their list of the Top 10 #BestFilmsOf2021.  CODA DON'T LOOK UP DUNE KING RICHARD LICORICE PIZZA NIGHTMARE ALLEY THE POWER OF THE DOG tick, tick... BOOM! THE TRAGEDY OF MACBETH WEST SIDE STORY Special Awards: BELFAST &amp; SUMMER OF SOUL https://t.co/pHnM1s2ihd	https://twitter.com/i/web/status/1468688470797426691
Will Smith tried his best not to coast on his charisma in KING RICHARD but his voice and the constant sour face were distracting. Jon Bernthal surprised me and Aunjanue Ellis stole her scenes. Even when she was just casually reacting I could see so many emotions in her eyes.	https://twitter.com/i/web/status/1468687318303358978
KING RICHARD is just nice. Manipulative, overlong, predictable and it looks like a TV movie from the 90s, but the story is really captivating. I wish at least Venus was better developed as a character, it's all about her insufferable dad. The Beyonc√© song is incredible.	https://twitter.com/i/web/status/1468687028334309386
El American Film Institute public√≥ su lista de 10 mejores pel√≠culas estadounidenses de 2021: CODA, Don‚Äôt Look Up, Dune, King Richard, Licorice Pizza, Nightmare Alley, The Power of the Dog, Tick, Tick ‚Ä¶ Boom!, The Tragedy of Macbeth y West Side Story. https://t.co/ZWQE0pzFUC	https://twitter.com/i/web/status/1468686600280367108
CODA, King Richard, tick, tick‚Ä¶ BOOM!, Reservation Dogs, Succession, Ted Lasso, The Underground Railroad y Summer of Soul ‚ù§Ô∏è‚ù§Ô∏è‚ù§Ô∏è https://t.co/wQf9GcOufj	https://twitter.com/i/web/status/1468686488556744707
Inhaled movies this year so this isn‚Äôt easy  1. Free Guy 2. King Richard 3. Last Duel 4. Shang-Chi 5. Dune 6. Bad Trip 7. The Suicide Squad 8. Raya and the Last Dragon  9. Bo Burnham‚Äôs Inside  10. Nobody  Expecting Nightmare Alley and No Way Home to break into the list as well https://t.co/OFhFInOhuW	https://twitter.com/i/web/status/1468685900733423617
Check out this interview on @ProVideo from @WoodyWoodhall with award-winning dialog editor, David Bach (#Dune, #KingRichard ), who shared insights about the tools he uses and his work. #izotope #audio #SuicideSquad #sound #LAPPG https://t.co/lsLzJBHTSH	https://twitter.com/i/web/status/1468685822454992897
i still need to watch ‚Ä¢the power of the dog ‚Ä¢licorice pizza ‚Ä¢house of gucci ‚Ä¢spiderman nwh ‚Ä¢the matrix 4 ‚Ä¢west side story ‚Ä¢king richard ‚Ä¢belfast ‚Ä¢the humans ‚Ä¢the worst person in the world ‚Ä¢the king's man ‚Ä¢nightmare alley ‚Ä¢red rocket https://t.co/2N1LON7T6f	https://twitter.com/i/web/status/1468685777370587147
King Richard is FANTASTIC	https://twitter.com/i/web/status/1468685739374350344
The year isn't over but for me at this point, it's #KingRichard https://t.co/7bqLW0P6uh	https://twitter.com/i/web/status/1468685110300090368
Question: How the hell was King Richard able to plan his daughters success to a tee? https://t.co/3XAMszlXQF	https://twitter.com/i/web/status/1468684806531731465
I can‚Äôt recall another time ive seen this many young, Black girls with brown/dark skin on a movie screen at one time‚Ä¶ in my entire life? #KingRichard	https://twitter.com/i/web/status/1468684216300933132
üëèüèæüëèüèæüëèüèæüî•üî•üî•üî•African American Film Critics Top 10 Films Led By 'The Harder They Fall', 'Respect', 'King Richard' https://t.co/MjsjhhfLwv	https://twitter.com/i/web/status/1468683267515707394
.@theaafca (African American Critics Association) public√≥ su lista de las mejores pel√≠culas del 2021  1. The Harder They Fall 2. King Richard  3. Respect  4. The Tragedy of Macbeth  5. Passing  6. Belfast  7. Who We Are  8. House of Gucci 9.The Power of the Dog 10.West Side Story https://t.co/UVqN0xihIF	https://twitter.com/i/web/status/1468683077601804288
I rated King Richard (2021) 8/10  #IMDb https://t.co/0ytOHS6jYB	https://twitter.com/i/web/status/1468682910509191176
Seen King Richard last night and I‚Äôll say it‚Äôs been a long time since a movie brought me to tearsüò≠ Highly recommend	https://twitter.com/i/web/status/1468682894193295362
King Richard üé•	https://twitter.com/i/web/status/1468682407658225669
King Richard is a 10/10 film and proper motivating	https://twitter.com/i/web/status/1468681222012481547
Big News! African American Film Critics @theaafca Name Top 10 Films, Including ‚ÄòThe Harder They Fall‚Äô, ‚ÄòRespect‚Äô, ‚ÄòKing Richard‚Äô and . . . ?https://t.co/WnYGhsz9Yz via @Deadline	https://twitter.com/i/web/status/1468679345472360449
Stuck in a conversation with my 83 year old father who went to see #KingRichard and was shocked when it wasn't about Richard III.	https://twitter.com/i/web/status/1468678150032957450
"Oscar contenders ""King Richard, West Side Story"", ""Dune ""hit big on AFI Awards winners list https://t.co/0f7r6VQQSY"	https://twitter.com/i/web/status/1468677820041687045
'King Richard,' 'West Side Story,' and 'Dune' just made huge strides in the Oscars race at the AFI Awards.  https://t.co/DwJupMqbNN	https://twitter.com/i/web/status/1468676788859682823
Yeah King Richard was amazing.	https://twitter.com/i/web/status/1468676710921121805
2021 @AFI Top 10 Films  Coda Don‚Äôt Look Up Dune King Richard Licorice Pizza Nightmare Alley The Power of the Dog tick, tick ‚Ä¶ Boom! The Tragedy of Macbeth West Side Story  Special Awards: Belfast, Summer of Soul  AFI has honored 5+ Best Picture noms per year since BP expanded.	https://twitter.com/i/web/status/1468676639802335238
El American Film Institute nombra las 10 mejores pel√≠culas estadounidenses del a√±o:  - Coda - Dune - King Richard - Licorice pizza - Don‚Äôt look up - West Side Story - Nightmare Alley - Tick, tick‚Ä¶ Boom! - The power of the dog - The tragedy of Macbeth https://t.co/SuW1ehcrrJ	https://twitter.com/i/web/status/1468675856340070410
I've only seen half of @AmericanFilm Top 10 so far (Coda, Dune, King Richard, The Power Of The Dog, tick tick Boom!), but glad to see Coda on there!  I wish C'mon C'mon made it.  I appreciate the work that went in to Dune, but truth be told I enjoyed The Last Duel more. https://t.co/A15OkRevbh	https://twitter.com/i/web/status/1468675565246816260
I agree, I‚Äôve seen Coda, Dune, Tick Tick Boom anx King Richard and they‚Äôre all great. https://t.co/pRq8uyAGTI	https://twitter.com/i/web/status/1468675460150214656
Apparel straight from the creative minds of  s-creation‚Äôhttps://t.co/6MKN16R5Ar #nickiminaj #nba #ghostbusters #eternals¬†¬†#kingrichard¬†¬† #hannah #jojosiwa #dancingwiththestars #bmf #powerghost¬†#starz #VirgilAbloh¬† #AmazonPrime #Dopesick #Batwoman¬† #Hellbound #OffWhite  #Blackswan https://t.co/wucRxjVUYe	https://twitter.com/i/web/status/1468675377102999565
AFI‚Äôs top 10 films of 2021:  Coda Don‚Äôt Look Up Dune King Richard Licorice Pizza Nightmare Alley The Power of the Dog tick, tick‚Ä¶BOOM! The Tragedy of Macbeth West Side Story	https://twitter.com/i/web/status/1468673829203501058
This king Richard movie really good af	https://twitter.com/i/web/status/1468672205047443460
Review: 'King Richard' #culture #film https://t.co/4m6Yo0sznA	https://twitter.com/i/web/status/1468671996842201088
"""Talent you have naturally...  Skills only develop by hours and hours and hours of beating on your craft.""   - Will Smith  #amwriting #creativity #WillSmith #KingRichard https://t.co/nGGpZrg6xh"	https://twitter.com/i/web/status/1468671730830950401
King Richard . üëë üéæ üé• üí´ @ The Tennis Courts https://t.co/rYo3kS4sVi	https://twitter.com/i/web/status/1468671704767471618
I know some of these are fine (even good!) but thinking about a Best Picture lineup with like Belfast, King Richard, Being the Ricardos and Don‚Äôt Look Up when the International Feature lineup is like A Hero, Worst Person in the World, Drive My Car, Flee, and Titane is so bleak	https://twitter.com/i/web/status/1468670922160812032
AFI's TOP FLICKS  ‚ÄúCODA‚Äù (Apple) ‚ÄúDon‚Äôt Look Up‚Äù (Netflix) ‚ÄúDune‚Äù (WB) ‚ÄúKing Richard‚Äù (WB) ‚ÄúLicorice Pizza‚Äù (MGM/UA) ‚ÄúNightmare Alley‚Äù (Searchlight) ‚ÄúThe Power of the Dog‚Äù (Netflix) ‚ÄúTick, Tick‚Ä¶Boom!‚Äù (Netflix) ‚ÄúThe Tragedy of Macbeth‚Äù (A24) ‚ÄúWest Side Story‚Äù (20th Century)	https://twitter.com/i/web/status/1468670853411790848
King Richard was far too long and the pacing was all over the place. Some of the tennis scenes were far too long and detailed. That said, I really enjoyed the film and the acting was sensational. Aunjanue Ellis, Will Smith, and Saniyya Sidney were all absolutely fantastic.	https://twitter.com/i/web/status/1468670800672735244
Segundo o American Film Institute, os melhores filmes do ano s√£o:  - CODA - #DontLookUp - Duna - King Richard  - Licorice Pizza - Nightmare Alley - The Power of the Dog - Tick, tick‚Ä¶ BOOM! - The Tragedy of Macbeth - West Side Story https://t.co/KWKXSt8XAb	https://twitter.com/i/web/status/1468670032393687040
King Richard is a great movie	https://twitter.com/i/web/status/1468669785495928832
King Richard 10/10	https://twitter.com/i/web/status/1468669531639861252
The American Film Institute‚Äôs 10 best films of the year:  ‚ÄòCoda‚Äô ‚ÄòDune‚Äô ‚ÄòKing Richard‚Äô ‚ÄòLicorice Pizza‚Äô ‚ÄòDon‚Äôt Look Up‚Äô ‚ÄòWest Side Story‚Äô ‚ÄòNightmare Alley‚Äô ‚Äòtick, tick‚Ä¶ BOOM!‚Äô ‚ÄòThe Power of the Dog‚Äô ‚ÄòThe Tragedy of Macbeth‚Äô https://t.co/gluHJeMuND	https://twitter.com/i/web/status/1468669201355350027
Going to go watch King Richard today or tomorrow..	https://twitter.com/i/web/status/1468668799410847748
Hosting my first ever Twitter Space at 12:00 pm pst to talk about the AFI Top 10 that includes #Dune, #WestSideStory #CODA #TickTickBoom #KingRichard &amp; more  Join me to talk about what this means to the #Oscars race #FilmTwitter #Movies #HaloInfinite #GTA6 #Hawkeye #AcademyAwards https://t.co/FZiJxKdNS6	https://twitter.com/i/web/status/1468668791710117888
‚ÄòThe Harder They Fall,‚Äô ‚ÄòKing Richard,‚Äô ‚ÄòRespect‚Äô Lead African American Film Critics‚Äô Top 10 https://t.co/RfucaHOCZa	https://twitter.com/i/web/status/1468667994159017988
My #Oscars rankings so far:  #KingRichard¬†¬† 96% #Spencer¬†¬† 87% #Belfast 85% #Dune 78% #ThePowerOfTheDog 72% #HouseOfGucci¬†  20%	https://twitter.com/i/web/status/1468667528595623943
‚ÄòThe Harder They Fall,‚Äô ‚Äò#KingRichard,‚Äô ‚ÄòRespect‚Äô Lead African American Film Critics‚Äô Top 10 https://t.co/3TaEvMNQCl https://t.co/0gAuLxX3ZG	https://twitter.com/i/web/status/1468667496735465472
Finally watched ShangChi. Next up, King Richard.	https://twitter.com/i/web/status/1468667385506938886
Atentos, Top 10 del a√±o para el American Film Institute #AFIAWARDS   CODA  Don‚Äôt Look Up Dune King Richard Licorice Pizza Nightmare Alley The Power of the Dog Tick, Tick‚Ä¶ Boom! The Tragedy of Macbeth West Side Story	https://twitter.com/i/web/status/1468666391620374529
King Richard is must see	https://twitter.com/i/web/status/1468666227442823177
El Instituto Americano de Cine (AFI) anunci√≥ las mejores pel√≠culas de 2021: CODA DON'T LOOK UP DUNE KING RICHARD LICORICE PIZZA NIGHTMARE ALLEY THE POWER OF THE DOG tick, tick... BOOM! THE TRAGEDY OF MACBETH WEST SIDE STORY  Premios especiales:  BELFAST SQUID GAME SUMMER OF SOUL https://t.co/RzgmtdqaCd	https://twitter.com/i/web/status/1468665989067943947
Will smith getting an Oscar for King Richard.	https://twitter.com/i/web/status/1468665766736109571
belfast &gt; the power of the dog &gt; west side story &gt; licorice pizza &gt; dune &gt; king richard &gt; tick tick boom &gt; coda &gt; don't look up &gt; nightmare alley  na ordem do mais safe pro mais in danger, essa seria minha aposta hoje pros 10 indicados a melhor filme no oscar	https://twitter.com/i/web/status/1468665536955523080
This year's #AFIAWARDS honorees, with Metascores:  CODA [75] Don't Look Up [51] Dune [74] King Richard [76] Licorice Pizza [90] Nightmare Alley [68] The Power of the Dog [88] tick, tick...BOOM! [74] The Tragedy of Macbeth [89] West Side Story [86]  More at https://t.co/E5hIO5wm9q	https://twitter.com/i/web/status/1468664939703373827
"O AFI (American Film Institute) anunciou os 10 melhores filmes de 2021:   ‚ÄúCODA‚Äù  ‚ÄúDon‚Äôt Look Up‚Äù  ‚ÄúDune‚Äù  ‚ÄúKing Richard‚Äù  ‚ÄúLicorice Pizza‚Äù  ‚ÄúNightmare Alley‚Äù  ‚ÄúThe Power of the Dog‚Äù  ‚ÄúTick, Tick ‚Ä¶ Boom!‚Äù  ‚ÄúThe Tragedy of Macbeth‚Äù  ‚ÄúWest Side Story‚Äù  Men√ß√£o honrosa: ""Belfast"""	https://twitter.com/i/web/status/1468664525239074817
#AFI top 10 movies of the year: CODA DON‚ÄôT LOOK UP DUNE KING RICHARD LICORICE PIZZA NIGHTMARE ALLEY THE POWER OF THE DOG tick, tick‚Ä¶BOOM! THE TRAGEDY OF MACBETH WEST SIDE STORY	https://twitter.com/i/web/status/1468664415440412677
We‚Äôre still a ways away, but I think there are 6 best picture locks. Belfast, Dune, King Richard, Licorice Pizza, Power of the Dog, and West Side Story. The 4 remaining spots are totally up in the air. And of the 6 locks, I don‚Äôt think there‚Äôs a clear frontrunner. Exciting stuff.	https://twitter.com/i/web/status/1468664345584287745
King Richard movie is amazingüî•üî•	https://twitter.com/i/web/status/1468663701431537664
Os filmes que conseguiram entrar em ambas as listas de melhores do ano do National Board of Review (NBR) e American Film Institute (AFI) foram:  ‚Ä¢ Don't Look Up ‚Ä¢ Dune ‚Ä¢ King Richard ‚Ä¢ Licorice Pizza ‚Ä¢ Nightmare Alley ‚Ä¢ The Tragedy of Macbeth ‚Ä¢ West Side Story https://t.co/G6gf9xvJTm	https://twitter.com/i/web/status/1468663686835445768
So, Don't Look Up, Dune, King Richard, Nightmare Alley, The Tragedy of Macbeth West Side Story, Licorice Pizza, and Belfast (through AFI‚Äôs special award) are 8, what‚Äôs 10? POTD and CODA for me, with NA or Macbeth missing possibly for Cyrano or TTB	https://twitter.com/i/web/status/1468663323398840333
LISTA: American Film Institute (AFI) divulga seu Top 10 de Melhores Filmes de 2021. üé¨  CODA Don‚Äôt Look Up Dune King Richard Licorice Pizza Nightmare Alley The Power Of The Dog tick, tick‚Ä¶ BOOM! The Tragedy Of Macbeth West Side Story https://t.co/km0VsxoURF	https://twitter.com/i/web/status/1468662765174894595
AFI Awards nombra a #DontLookUp en su top 10 de las pel√≠culas de a√±o ‚òÑÔ∏è‚ù§Ô∏è   CODA¬† Don‚Äôt Look Up Dune King Richard Licorice Pizza Nightmare Alley The Power of the Dog Tick, Tick‚Ä¶ Boom! The Tragedy of Macbeth West Side Story https://t.co/VlnNWhVn4H	https://twitter.com/i/web/status/1468662587726315520
Mostly similar. My current predictions:   BELFAST KING RICHARD LICORICE PIZZA NIGHTMARE ALLEY THE POWER OF THE DOG SPENCER THE TRAGEDY OF MACBETH WEST SIDE STORY https://t.co/SvobIQF0Fk	https://twitter.com/i/web/status/1468662388983353346
Dear #WhiskySanta, please may you put @45WDistillers King Richard III Gin from @MasterofMalt under my tree? I've been really good this year! https://t.co/0TrQL0cUoL	https://twitter.com/i/web/status/1468662384143310856
El AFI (@AmericanFilm Institute) acaba de lanzar su Top 10 de pel√≠culas del 2021:   - CODA - Don't Look Up - Dune - King Richard  - Licorice Pizza - Nightmare Alley - The Power of the Dog - tick, tick... BOOM - The Tragedy of Macbeth  - West Side Story https://t.co/4YMtdVhQkD	https://twitter.com/i/web/status/1468662381429542917
#AFI, el instituto americano de cine ha anunciado sus pel√≠culas favoritas de 2021:  Coda Don't Look Up Dune King Richard Licorice Pizza Nightmare Alley The Power Of The Dog Tick, Tick‚Ä¶ BOOM! The Tradegy Of Macbeth West Side Story  Menci√≥n especial a: Belfast y Summer of Soul https://t.co/pcT1AD3aIi	https://twitter.com/i/web/status/1468662186256052224
King Richard was actually a good movie. 8/10	https://twitter.com/i/web/status/1468661707736334338
El AFI (American Film Institute) anunci√≥ su influyente Top 10 del 2021:  CODA Don't Look Up Dune King Richard  Licorice Pizza Nightmare Alley The Power of the Dog tick, tick... BOOM The Tragedy of Macbeth  West Side Story   Premio Especial: Belfast Summer of Soul https://t.co/aeqJmnhPUp	https://twitter.com/i/web/status/1468661284447170560
"""The Harder They Fall,' 'King Richard,' 'Respect' lead African American Film Critics Association's Top 10 for 2021   @theaafca https://t.co/MQodv6IjfQ"	https://twitter.com/i/web/status/1468661189794312200
AFI‚Äôs Top 10 movies of the Year  ‚ÄúCoda‚Äù ‚ÄúDon‚Äôt Look Up‚Äù ‚ÄúDune‚Äù ‚ÄúKing Richard‚Äù ‚ÄúLicorice Pizza‚Äù ‚ÄúNightmare Alley‚Äù ‚ÄúThe Power of the Dog‚Äù ‚ÄúTick Tick Boom‚Äù ‚ÄúThe Tragedy of Macbeth‚Äù ‚ÄúWest Side Story‚Äù  Via @AmericanFilm: https://t.co/CogwqMYhCJ https://t.co/YdJJigV8UY	https://twitter.com/i/web/status/1468661120974139399
Os Melhores filmes do Ano homenageados no American Film Institute (AFI).  ‚Ä¢ CODA ‚Ä¢ Don‚Äôt Look Up ‚Ä¢ Dune ‚Ä¢ King Richard ‚Ä¢ Licorice Pizza ‚Ä¢ Nightmare Alley ‚Ä¢ The Power Of The Dog ‚Ä¢ tick, tick‚Ä¶ BOOM! ‚Ä¢ The Tragedy Of Macbeth ‚Ä¢ West Side Story https://t.co/RcBTtaBKmo	https://twitter.com/i/web/status/1468661111096590336
"Listen to ""What you Watching: -Dexter -Mayor of Kingstown -Hit Monkey -King Richard -Succession -Silent Knight -Wheel of Time -Hawkeye -House of Gucci"". ‚öì https://t.co/myaHIhOtrA"	https://twitter.com/i/web/status/1468661055391948807
#AFI just announced their Top 10 of the year which are   CODA Don‚Äôt Look Up Dune King Richard Licorice Pizza Nightmare Alley The Power Of The Dog Tick Tick Boom The Tragedy Of MacBeth  West Side Story	https://twitter.com/i/web/status/1468661054595117058
Massive congrats to everyone on Dune, King Richard, Hacks, Maid, Mare of Easttown, Succession, Ted Lasso, and The White Lotus! #AFIAwards https://t.co/7ow5lzOH6f	https://twitter.com/i/web/status/1468661010814799872
Loved watching King Richard - story about the Williams sisters. I didn't understand how much Venus paved the way for Serena! Would love to see another film more focused on the goat (Serena) though #SportsTeam21 #ILikeSportsTeam21	https://twitter.com/i/web/status/1468660983522549767
Quiero ver Titane, Last Night in Soho y King Richard	https://twitter.com/i/web/status/1468660781667520514
Don't Look Up, Dune, King Richard, Licorice Pizza, The Power of the Dog, The Tragedy of Macbeth y West Side Story afianzan a√∫n su carrera para los Oscars.   tick, tick‚Ä¶ BOOM! y Nightmare Alley est√°n cerca.	https://twitter.com/i/web/status/1468660374136360963
Les 10 meilleurs films de l'ann√©e selon l'American Film Institute:  Coda Don‚Äôt Look Up Dune King Richard Licorice Pizza Nightmare Alley The Power of the Dog tick, tick ‚Ä¶ Boom! The Tragedy of Macbeth  West Side Story	https://twitter.com/i/web/status/1468660229361614855
I dreamt that I was watching a show where Will Smith played a basketball coach and had a weird accent and honestly? I loved King Richard but this was even better.	https://twitter.com/i/web/status/1468660038499647489
#AFI‚Äôs Top 10 Films of 2021 Include ‚Äò#Dune,‚Äô ‚Äò#KingRichard‚Äô and ‚Äò#ThePoweroftheDog‚Äô https://t.co/RAjhduTMVg https://t.co/2208Nd1E0J	https://twitter.com/i/web/status/1468660002281836544
‚ÄúKing Richard‚Äù there we go .. https://t.co/OEpzwfYF3l	https://twitter.com/i/web/status/1468659969709035520
Movie night tonight? #Eternals #GhostbustersAfterlife #Clifford #HouseOfGucci #KingRichard #SwordArtOnlineProgressive https://t.co/G3d19pg7lL	https://twitter.com/i/web/status/1468659911085068288
#AFI Top 10 Movies of the Year: CODA DON'T LOOK UP DUNE KING RICHARD LICORICE PIZZA NIGHTMARE ALLEY THE POWER OF THE DOG tick, tick... BOOM! THE TRAGEDY OF MACBETH WEST SIDE STORY	https://twitter.com/i/web/status/1468659906572177412
Here are AFI's picks for the top 10 movies of the year: https://t.co/zsKTuF4Zcy  ‚ÄúCoda‚Äù ‚ÄúDon‚Äôt Look Up‚Äù ‚ÄúDune‚Äù ‚ÄúKing Richard‚Äù ‚ÄúLicorice Pizza‚Äù ‚ÄúNightmare Alley‚Äù ‚ÄúThe Power of the Dog‚Äù ‚ÄúTick Tick Boom‚Äù ‚ÄúThe Tragedy of Macbeth‚Äù ‚ÄúWest Side Story‚Äù https://t.co/4RluVfZhJZ	https://twitter.com/i/web/status/1468659896023461891
Las 10 mejores pel√≠culas del a√±o seg√∫n el American Film Institute:  CODA DON'T LOOK UP DUNE KING RICHARD LICORICE PIZZA NIGHTMARE ALLEY THE POWER OF THE DOG tick, tick‚Ä¶ BOOM! THE TRAGEDY OF MACBETH WEST SIDE STORY https://t.co/EllbtiWTA0 https://t.co/HmMQ1RbxL0	https://twitter.com/i/web/status/1468659884254285825
Films that landed on both NBR and AFI top 10 lists:  Don't Look Up, Dune, King Richard, Nightmare Alley, The Tragedy of Macbeth and West Side Story.	https://twitter.com/i/web/status/1468659856559132672
Estas son las 10 mejores pel√≠culas del a√±o seg√∫n American Film Institute (#AFI): CODA DON'T LOOK UP! DUNE KING RICHARD LICORICE PIZZA NIGHTMARE ALLEY THE POWER OF THE DOG tick,tick... BOOM! THE TRAGEDY OF MACBETH WEST SIDE STORY	https://twitter.com/i/web/status/1468659759633076233
AFI‚Äôs TOP 10 FILMS OF 2021  CODA DON‚ÄôT LOOK UP DUNE KING RICHARD LICORICE PIZZA NIGHTMARE ALLEY THE POWER OF THE DOG tick, tick‚Ä¶ BOOM! THE TRAGEDY OF MACBETH WEST SIDE STORY  AFI SPECIAL AWARD BELFAST SUMMER OF SOUL (‚Ä¶OR, WHEN THE REVOLUTION COULD NOT BE TELEVISED) #AFIAwards	https://twitter.com/i/web/status/1468659713223143429
AFI Top 10 Films of 2021: 'CODA,' King Richard,' 'tick, tick...BOOM!' and more https://t.co/J0ok5AplKy	https://twitter.com/i/web/status/1468659461082562567
‚ÄòKing Richard‚Äô, ‚ÄòThe Power Of The Dog‚Äô, ‚ÄòCoda‚Äô among AFI Awards recipients https://t.co/o6DHAoTMJH https://t.co/DCbuYnImGY	https://twitter.com/i/web/status/1468659309101805568
RUMBO A LA ESTATUILLA:  #AFIAwards   CODA DON'T LOOK UP DUNE KING RICHARD LICORICE PIZZA NIGHTMARE ALLEY THE POWER OF THE DOG tick, tick... BOOM! THE TRAGEDY OF MACBETH WEST SIDE STORY  AFI SPECIAL AWARD BELFAST SUMMER OF SOUL. #FilmTwitter #RumboALaEstatuilla13 https://t.co/kre5n7VB8T	https://twitter.com/i/web/status/1468659262297681923
Watching KING RICHARD brings back so many memories. I remember how Venus and Serena not only dominated the game in the early days but had all these white folks befuddled cause they got beat by Black folks playing it *their* way which was different (but superior).	https://twitter.com/i/web/status/1468659259164569612
YASS! Reservation Dogs won an AFI Award. Tick, Tick ... Boom!, Dune, King Richard, Nightmare Alley and Don't Look Up among AFI Awards Top Ten.  https://t.co/zfqkf1u2CD via @variety @ByClaytonDavis	https://twitter.com/i/web/status/1468659157951660033
Pues ya tenemos Top 10 de los #AFI:  CODA DON'T LOOK UP! DUNE KING RICHARD LICORICE PIZZA NIGHTMARE ALLEY THE POWER OF THE DOG tick,tick... BOOM! THE TRAGEDY OF MACBETH WEST SIDE STORY	https://twitter.com/i/web/status/1468659110287663104
I rated King Richard (2021) 10/10  #IMDb  https://t.co/DEH6vhjnR6	https://twitter.com/i/web/status/1468659096635248642
THEATRICAL REVIEW: Will Smith back atop the A-list with Oscar-worthy King¬†Richard https://t.co/YPQiZiJu9R	https://twitter.com/i/web/status/1468659005061009427
AFI Awards: Top Films and Shows Include ‚ÄòDune,‚Äô ‚ÄòThe Power of the Dog‚Äô and ‚ÄòSchmigadoon!‚Äô   https://t.co/qEiEbpbOaP @Variety   #AFIAwards #Dune #TickTickBoom #Schmigadoon #WestSideStory #NightmareAlley #CODA #ThePowerOfTheDog #KingRichard #LicoricePizza https://t.co/sBkn4VnsuE	https://twitter.com/i/web/status/1468658929630527490
#AFI Top 10 has just announced:  CODA DON'T LOOK UP DUNE KING RICHARD LICORICE PIZZA NIGHTMARE ALLEY THE POWER OF THE DOG tick, tick... BOOM! THE TRAGEDY OF MACBETH WEST SIDE STORY  AFI SPECIAL AWARD BELFAST SUMMER OF SOUL (...OR, WHEN THE REVOLUTION COULD NOT BE TELEVISED) https://t.co/4aISmpcKaI	https://twitter.com/i/web/status/1468658778874662914
AFI Awards name their Movies of the Year:  CODA¬†‚Ä®Don‚Äôt Look Up‚Ä®Dune‚Ä®King Richard‚Ä®Licorice Pizza‚Ä®Nightmare Alley‚Ä®The Power of the Dog‚Ä®Tick, Tick‚Ä¶ Boom!‚Ä®The Tragedy of Macbeth‚Ä®West Side Story https://t.co/F7wzFjj2bD	https://twitter.com/i/web/status/1468658765071364110
AFI MOVIES OF THE YEAR  CODA DON‚ÄôT LOOK UP DUNE KING RICHARD LICORICE PIZZA NIGHTMARE ALLEY THE POWER OF THE DOG tick, tick‚Ä¶ BOOM! THE TRAGEDY OF MACBETH WEST SIDE STORY https://t.co/WFyv20xKKU	https://twitter.com/i/web/status/1468658468827516931
Os homenageados como Melhor Filme do Ano pelo American Film Institute (AFI) 2021 foram:  ‚Ä¢ CODA ‚Ä¢ #DontLookUp ‚Ä¢ Duna ‚Ä¢ #KingRichard  ‚Ä¢ Licorice Pizza ‚Ä¢ Nightmare Alley ‚Ä¢ The Power of the Dog ‚Ä¢ Tick, tick‚Ä¶ Boom! ‚Ä¢ The Tragedy of Macbeth ‚Ä¢ West Side Story https://t.co/4rIfqfJNc1	https://twitter.com/i/web/status/1468658125112807436
KING RICHARD $107k Monday $169k Tuesday $13.7M Total (North America) #KingRichard #BoxOffice	https://twitter.com/i/web/status/1468658015221915648
TOP 10 de 2021 para el American Film Institute (AFI):  Coda Don't Look Up Dune King Richard Licorice Pizza Nightmare Alley The Power of the Dog Tick Tick Boom The Tragedy of Macbeth West Side Story  Special Award: Belfast Squid Game Summer of Soul  #AFI	https://twitter.com/i/web/status/1468657990475649032
#AFI HAS SPOKEN! The Top 10 Films of 2021‚Ä¶ (Nightmare Alley serviced!)   AFI MOVIES OF THE YEAR  CODA DON‚ÄôT LOOK UP DUNE KING RICHARD LICORICE PIZZA NIGHTMARE ALLEY THE POWER OF THE DOG tick, tick‚Ä¶ BOOM! THE TRAGEDY OF MACBETH WEST SIDE STORY	https://twitter.com/i/web/status/1468657793687187459
American Film Institute‚Äôs Top 10 of 2021: CODA DON‚ÄôT LOOK UP DUNE KING RICHARD LICORICE PIZZA NIGHTMARE ALLEY THE POWER OF THE DOG TICK, TICK‚Ä¶ BOOM! THE TRAGEDY OF MACBETH WEST SIDE STORY  Special Award goes to BELFAST and SUMMER OF SOUL. https://t.co/EGEEgy32W7	https://twitter.com/i/web/status/1468657644068118529
Os dez filmes do ano para o @AmericanFilm Institute:   CODA DON‚ÄôT LOOK UP DUNE KING RICHARD LICORICE PIZZA NIGHTMARE ALLEY THE POWER OF THE DOG tick, tick‚Ä¶ BOOM! THE TRAGEDY OF MACBETH WEST SIDE STORY	https://twitter.com/i/web/status/1468657631741030401
I'm glad I watched King Richard today, that man knew the value of what he had and he didn't let anyone play hard ball with him	https://twitter.com/i/web/status/1468657493924589568
Official #AFI Top 10 Announced: CODA DON'T LOOK UP DUNE KING RICHARD LICORICE PIZZA NIGHTMARE ALLEY THE POWER OF THE DOG tick, tick... BOOM! THE TRAGEDY OF MACBETH WEST SIDE STORY  AFI SPECIAL AWARD BELFAST SUMMER OF SOUL (...OR, WHEN THE REVOLUTION COULD NOT BE TELEVISED)	https://twitter.com/i/web/status/1468657391092715522
AFI MOVIES OF THE YEAR CODA DON‚ÄôT LOOK UP DUNE  KING RICHARD LICORICE PIZZA NIGHTMARE ALLEY THE POWER OF THE DOG tick, tick‚Ä¶ BOOM! THE TRAGEDY OF MACBETH WEST SIDE STORY https://t.co/0JwXf8REGk	https://twitter.com/i/web/status/1468657366702899202
Watching King Richard and Fitz looking mighty good in these shorts. Love this sexy ass old man. https://t.co/5dGG4SktRi	https://twitter.com/i/web/status/1468657301947138052
AFI‚Äôs list of the top 10 films of the year just came out. How similar to the Best Picture lineup of 10 do you think it will be?  CODA DON'T LOOK UP DUNE KING RICHARD LICORICE PIZZA NIGHTMARE ALLEY THE POWER OF THE DOG tick, tick... BOOM! THE TRAGEDY OF MACBETH WEST SIDE STORY	https://twitter.com/i/web/status/1468656849046016002
#Dune, #KingRichard, #ThePoweroftheDog and #WestSideStory are among the films on the American Film Institute‚Äôs Top 10 list for 2021 https://t.co/smCa6Vpqdz	https://twitter.com/i/web/status/1468656708964737038
Overall, says Carsten, #KingRichard is a solid and, given the almost two and a half hours running time, reasonably well-paced and effective sports biopic:  https://t.co/1lg3tjICmp  #film #review #nowplaying #incinemas @FlawInTheIris https://t.co/urhekazXvq	https://twitter.com/i/web/status/1468656629780467713
African American Film Critics Top 10 Films Led By ‚ÄòThe Harder They Fall‚Äô, #RespectMovie, ‚ÄòKing Richard‚Äô https://t.co/PGzjNkno8k via @Deadline	https://twitter.com/i/web/status/1468656558804504592
Finally watching King Richard.   Serena: ‚ÄúWe got a coach‚Äù  Me immediately: https://t.co/yJja2fjtds	https://twitter.com/i/web/status/1468655565404471300
Apostas atualizadas da equipe do Next Best Picture para Melhor Atriz Coadjuvante no Oscar 2022:  1. Ariana DeBose - West Side Story 2. Caitr√≠ona Balfe - Belfast 3. Aunjanue Ellis - King Richard 4. Kirsten Dunst - The Power of the Dog 5. Ruth Negga - Passing https://t.co/cw7V099F8c	https://twitter.com/i/web/status/1468655198528847873
King Richard (2021) ‚òÖ‚òÖ‚òÖ‚òÖ‚òÖ‚òÖ‚òÖ‚òÖ‚òÖ‚òÖ https://t.co/vLlLqKtptL #trakt	https://twitter.com/i/web/status/1468655024213532675
Watching King Richard and I got so many questions lol.	https://twitter.com/i/web/status/1468654425044656141
Just finished watching the movie ‚ÄúKing Richard‚Äù. So inspiring. My only wish is that I leave Nigeria.	https://twitter.com/i/web/status/1468654266428661763
You‚Äôve gotta be pretty brave to take a ride on a pumpkin #KingRichard	https://twitter.com/i/web/status/1468654073901719554
Cried all the way throughout King Richard.	https://twitter.com/i/web/status/1468653639665434630
My AFI predictions: ‚Ä¢CODA ‚Ä¢C‚Äômon C‚Äômon ‚Ä¢Don‚Äôt Look Up ‚Ä¢Dune ‚Ä¢King Richard ‚Ä¢The Last Duel ‚Ä¢Licorice Pizza ‚Ä¢The Power of the Dog ‚Ä¢Tick, Tick‚Ä¶Boom ‚Ä¢West Side Story	https://twitter.com/i/web/status/1468652711243563014
The greatest sports movies of all time: - Moneyball - Cars - Creed - Remember the Titans - King Richard	https://twitter.com/i/web/status/1468651558892191744
‚ÄúThe film is filled with Black pride, commitment faith and family. This was a team effort, from both parents and children, each doing their part. They worked seamlessly as a single force-and one to be reckoned with.‚Äù‚Ää  - Maryam Ismail  #WEOC #KingRichard   https://t.co/BhQIr6hGdB	https://twitter.com/i/web/status/1468650746325393414
Initial 2021 favorite movie lists:  Award Contender Movies (in order): - Dune - Judas and the Black Messiah - King Richard  Fun Movies (no order): - Free Guy - The Harder They Fall - Nobody - Shang Chi [honorable mention] Godzilla vs Kong  Kids Movie: - Raya and the Last Dragon	https://twitter.com/i/web/status/1468650543820296195
king richard was very good üëçüèø	https://twitter.com/i/web/status/1468649661833441287
AFI Top 10 predictions:  C‚Äômon C‚Äômon CODA Dune House of Gucci King Richard The Last Duel Licorice Pizza The Power of the Dog tick, tick‚Ä¶ BOOM! West Side Story  Spoilers: Don't Look Up, Red Rocket  Special mention: Belfast	https://twitter.com/i/web/status/1468648443614662656
Will Smith Admitted One Essential Truth During ‚ÄòKing Richard‚Äô Interview: ‚ÄòGirls Are Really Different Than Boys‚Äô https://t.co/IbvZSdnbok	https://twitter.com/i/web/status/1468646299226583050
Still ain‚Äôt seen King Richard yet	https://twitter.com/i/web/status/1468646211192344579
Here is List of the 10 Best Films of the Year for @theaafca  1. The Harder They Fall 2. King Richard 3. Respect 4. The Tragedy of Macbeth  5. Passing 6. Belfast 7. Who We Are  8. House of Gucci 9. The Power of the Dog 10. West Side Story https://t.co/MDvvIMqe8p	https://twitter.com/i/web/status/1468646134084161536
I think we need a part 2 to King Richard...	https://twitter.com/i/web/status/1468645789710835714
King Richard https://t.co/OoSWdleV5K	https://twitter.com/i/web/status/1468645524718993410
King Richard is a must watch soooooo good	https://twitter.com/i/web/status/1468644959393824769
I finished watching King Richard (2021) on HBO Max today. It was a great movie with Will Smith. https://t.co/dSoOBhX8FL	https://twitter.com/i/web/status/1468644939248635907
AFI Top 10 Predictions:  C'MON C'MON CODA DUNE IN THE HEIGHTS KING RICHARD LICORICE PIZZA NIGHTMARE ALLEY THE POWER OF THE DOG tick, tick...BOOM! WEST SIDE STORY https://t.co/XKFlF9Bb47	https://twitter.com/i/web/status/1468644292969254930
AFI Predictions  West Side Story The Power of the Dog Dune King Richard Licorice Pizza Tick Tick Boom CODA C‚Äômon C‚Äômon Being the Ricardos Red Rocket	https://twitter.com/i/web/status/1468644114476457993
OG aunt Viv said the only and first Will Smith movie she seen was King Richard üòÇüòÇüòÇüòÇ she hated bro guts	https://twitter.com/i/web/status/1468643508219039748
I didn‚Äôt say no such thing as oppression.   I say it is unhelpful to go on about it all the time around kids because they will internalise it and they will think the world is against them.  Far better to empower them with skills. See the film King Richard! ‚úäüèæ https://t.co/zHwnxBGuLr	https://twitter.com/i/web/status/1468642474256121862
I am changing my AFI top 10 predictions because I cannot make up my mind  West Side Story The Power of the Dog Dune King Richard Licorice Pizza Tick Tick Boom CODA C‚Äômon C‚Äômon The Last Duel Nightmare Alley	https://twitter.com/i/web/status/1468642084353679372
Lista: #AAFCA Top 10 Filmes de 2021:  1. The Harder They Fall 2. King Richard 3. Respect¬† 4. The Tragedy of Macbeth¬† 5. Passing¬† 6. Belfast¬† 7. Who We Are¬† 8. House of Gucci 9. The Power of the Dog 10. West Side Story https://t.co/VEG1JKs01g	https://twitter.com/i/web/status/1468642080704638994
I need to go see King Richard	https://twitter.com/i/web/status/1468641196293734404
AFI Top 10 Previsioni via me:  C'mon C'mon Coda Dune House of Gucci/The Last Duel King Richard Nightmare Alley Licorice Pizza The power of the dog Tick, Tick Boom West Side Story  Menzione speciale a Belfast	https://twitter.com/i/web/status/1468640901685784576
If you haven‚Äôt seen King Richard yet, this is your sign to. 10/10. Probably my favorite movie of the year.	https://twitter.com/i/web/status/1468640689525342213
Made in Italy is a great movie! üëçüèº  don‚Äôt sleep on Dante‚Äôs Peak!! such a fantastic 90s disaster movie that still holds up today! üåã watch it if you‚Äôve never seen it!   Eye in the Sky was frustrating üò§  King Richard is fantastic!! Even if you‚Äôre not into üéæ it‚Äôs a great story!	https://twitter.com/i/web/status/1468640452421300224
AFI Top 10 Predictions:  C‚ÄôMON C‚ÄôMON CODA DON‚ÄôT LOOK UP DUNE IN THE HEIGHTS KING RICHARD LICORICE PIZZA THE POWER OF THE DOG TICK, TICK‚Ä¶ BOOM! WEST SIDE STORY  Special Mention: BELFAST https://t.co/wyns6MqcC1	https://twitter.com/i/web/status/1468639820339576835
Maan that King Richard movie üôåüèΩ A story that needs to be told. https://t.co/ow3S0NmWkN	https://twitter.com/i/web/status/1468639790023290883
We just started King Richard and my dad is already on the couch snoring üò¥üòÇ	https://twitter.com/i/web/status/1468639172630093824
‚ÄúKing Richard‚Äù is one of the best films of the year, one of the best sports films I‚Äôve ever seen, and one of the best performances of @willsmith ‚Äòs career. Really wonderful movie w/ a great cast. See it. #kingrichard #willsmith #venusandserena	https://twitter.com/i/web/status/1468638319781113858
my last week of first time content consumption has been‚Ä¶incredible?  ‚Ä¢Get Back ‚Ä¢Licorice Pizza ‚Ä¢The Power of the Dog ‚Ä¢King Richard ‚Ä¢The Rescue ‚Ä¢14 Peaks ‚Ä¢Listening to Kenny G ‚Ä¢Six by Sondheim ‚Ä¢Curb ‚Ä¢Succession ‚Ä¢Rome (s1) ‚Ä¢Oz (s1) ‚Ä¢Selling Sunset (s4) ‚Ä¢Tinderbox	https://twitter.com/i/web/status/1468638224612483074
Can I be the first to pitch the idea of a Lavar Ball version of ‚ÄúKing Richard‚Äù	https://twitter.com/i/web/status/1468637970517442578
"I'm announcing today that Will Smith as Richard Williams in ""King Richard"" is the official ""Fit of 2022."" I've ordered six pairs of these shorts and I encourage you to do the same. Thank you and have a good day. https://t.co/tWOI1XTwZr"	https://twitter.com/i/web/status/1468637959016570884
Here are @theaafca's Top 10 films of the year:  ‚û°Ô∏è The Harder They Fall ‚û°Ô∏è King Richard ‚û°Ô∏è Respect ‚û°Ô∏è The Tragedy of Macbeth ‚û°Ô∏è Passing ‚û°Ô∏è Belfast ‚û°Ô∏è Who We Are ‚û°Ô∏è House of Gucci ‚û°Ô∏è The Power of the Dog ‚û°Ô∏è West Side Story https://t.co/H80gt992bG	https://twitter.com/i/web/status/1468637926472884227
African American Film Critics Top 10 Films Led By ‚ÄòThe Harder They Fall‚Äô, ‚ÄòRespect‚Äô, ‚ÄòKing Richard‚Äô https://t.co/WbGgtLtBd6 via @Deadline	https://twitter.com/i/web/status/1468637245330661382
going to watch king richard tonight! excited :)	https://twitter.com/i/web/status/1468635994165547008
https://t.co/oXRISESPGz Will Smith is dope and a solid dudeüíØ	https://twitter.com/i/web/status/1468635708650893318
Crusaders under King Richard &amp; Baldwin IV of Jerusalem considered Salahuddin to be a 'noble enemy' for returning prisoners, treating the injured &amp; when Baldwin became sick Salahuddin sent his doctors to treat him. He also sent horses when the Christian King lost one in the battle https://t.co/ilHYXUiFtE	https://twitter.com/i/web/status/1468635241124446214
King Richard ‚Äì Un biopic sportif inhabituel avec Will Smith https://t.co/Lf3fT4uaeT	https://twitter.com/i/web/status/1468634876769226753
Dam i still gotta go take shante to c king richard when i get free time cuz im Hearin nun but good abt it	https://twitter.com/i/web/status/1468634776156491781
‚ÄúKing Richard‚Äù üî•üî•üî•üî•	https://twitter.com/i/web/status/1468634035622584320
The #AAFCA‚Äôs Top 10 Films of the Year:  1. The Harder They Fall 2. King Richard 3. Respect¬† 4. The Tragedy of Macbeth¬† 5. Passing¬† 6. Belfast¬† 7. Who We Are: A Chronicle of Racism in America¬† 8. House of Gucci 9. The Power of the Dog 10. West Side Story	https://twitter.com/i/web/status/1468633661662806022
Finally seeing king Richard	https://twitter.com/i/web/status/1468633111265263622
‚ÄúThe most strongest, the most powerful, the most dangerous creature on this whole earth is a woman who knows how to think. There‚Äôs nothing she can‚Äôt do.‚Äú - King Richard	https://twitter.com/i/web/status/1468633077719216128
Encanto and King Richard next Then Spiderman Then Summit of the Gods Then	https://twitter.com/i/web/status/1468632950795292683
Instead of making a movie about Serena Williams dad, maybe make a movie about Serena? #KingRichard	https://twitter.com/i/web/status/1468631766240006149
King Richard was such a good movie.	https://twitter.com/i/web/status/1468631060355289092
King Richard. https://t.co/umpFWXyz46	https://twitter.com/i/web/status/1468630793396314122
Last night, I took my two nieces to see  #King Richard the story of Venus and Serena Williams‚Äô parents turning their daughters into world class tennis champions. https://t.co/jYBv58BCWi @serenawilliams @Venuseswilliams @aunjanuejlt	https://twitter.com/i/web/status/1468630722634211332
#KingRichard is really good. Looks like it'll be a lock for nominations for Picture, Actor (Will Smith), and Supporting Actress (Aunjanue Ellis). üßê	https://twitter.com/i/web/status/1468630621731704834
We watched King Richard last night and it was great. Will Smith is so good in it, and the story of Venus and Serena is compelling.	https://twitter.com/i/web/status/1468630610151448579
Why some people HATE the King Richard movie - Black Men Speak https://t.co/1qe14ljMer via @YouTube	https://twitter.com/i/web/status/1468630090892333071
1. Belfast 2. West Side Story 3. The Power of the Dog 4. Dune 5. King Richard 6. Licorice Pizza 7. Being The Ricardos 8. Drive My Car 9. CODA 10. Tick... Tick... Boom	https://twitter.com/i/web/status/1468629624385060873
#onair : Beyonc√© - Be Alive (Original Song from the Motion Picture ‚ÄúKing Richard‚Äù) https://t.co/Nrq9f5jDKW #sweetmusicstation https://t.co/l74njz1ehF	https://twitter.com/i/web/status/1468629478649876485
Top 10 Films of 2021 by the African American Critics Association: 1 #TheHarderTheyFall 2 #KingRichard 3 #Respect  4 #TheTragedyOfMacbeth  5 #Passing  6 #Belfast  7 #WhoWeAre  8 #HouseOfGucci 9 #ThePowerOfTheDog 10 #WestSideStory	https://twitter.com/i/web/status/1468628236129402880
In order to create a coherent movie with a clear message, the film's team needs to be unified in the vision and purpose of the story. Read these mini interviews from the crew of #KingRichard to understand their unique approach to the film's central themes https://t.co/1XLZDxvwql https://t.co/0PBUZKJjgP	https://twitter.com/i/web/status/1468626584932425736
Movie Review: King Richard It‚Äôs really hard to miss with Will Smith. This movie did a fantastic job of the Williams sisters story. It had some unexpected laughs, highs lows, and left you leaving the theater with goosebumps. Def a must see in theater.  8.0/10	https://twitter.com/i/web/status/1468626474848632845
VENUS AND SERENA DESERVED BETTER THAN KING RICHARD	https://twitter.com/i/web/status/1468626038930423820
November release rankings: 1. Belfast 2. C‚Äômon C‚Äômon 3. The Power of the Dog 4. Spencer 5. King Richard 6. Tick, Tick‚Ä¶BOOM!  7. House of Gucci 8. Eternals	https://twitter.com/i/web/status/1468626016193048581
https://t.co/LWTocgyN9U Finally got around to watching #KingRichard last night -- and started today with this John Jeremiah Sullivan piece on the Williams Sisters from 2012. What a joy to see them play in this lifetime.	https://twitter.com/i/web/status/1468625558473003014
King Richard is a fucking class film by the way	https://twitter.com/i/web/status/1468625064232902662
Tomorrow 12/9, It‚Äôs your last chance to see KING RICHARD at the Parkway! Screening tomorrow night at 9:45pm, this film follows the touching story of the Williams family. Get your tickets now! https://t.co/FOl0FDHPxy https://t.co/XR96XP1BOW	https://twitter.com/i/web/status/1468624701111025671
King Richard ‚Äì An unusual sports biopic with Will Smith https://t.co/1ZLCs05iHU	https://twitter.com/i/web/status/1468624700561510405
King Richard is well done.  The hardships parents go through to make it work for their kids to see. To really parent.	https://twitter.com/i/web/status/1468624487994347524
